Workbook

Sheet Лист1
A1: X Y | B1: 160 | C1: 200 | D1: 240 | E1: 280 | F1: 320 | G1: 360 | H1: 400 | I1: 440 | J1: mx
A2: 11.6 | B2: 1 | C2: 4 | D2: 5 | E2: 0 | F2: 0 | G2: 0 | H2: 0 | I2: 0 | J2: =SUM(B2:I2) -> 10
A3: 16.6 | B3: 0 | C3: 6 | D3: 7 | E3: 2 | F3: 0 | G3: 0 | H3: 0 | I3: 0 | J3: =SUM(B3:I3) -> 15
A4: 21.6 | B4: 0 | C4: 0 | D4: 5 | E4: 8 | F4: 6 | G4: 0 | H4: 0 | I4: 0 | J4: =SUM(B4:I4) -> 19
A5: 26.6 | B5: 0 | C5: 0 | D5: 0 | E5: 9 | F5: 13 | G5: 6 | H5: 0 | I5: 0 | J5: =SUM(B5:I5) -> 28
A6: 31.6 | B6: 0 | C6: 0 | D6: 0 | E6: 0 | F6: 7 | G6: 8 | H6: 4 | I6: 0 | J6: =SUM(B6:I6) -> 19
A7: 36.6 | B7: 0 | C7: 0 | D7: 0 | E7: 0 | F7: 0 | G7: 0 | H7: 6 | I7: 3 | J7: =SUM(B7:I7) -> 9
A8: my | B8: =SUM(B2:B7) -> 1 | C8: =SUM(C2:C7) -> 10 | D8: =SUM(D2:D7) -> 17 | E8: =SUM(E2:E7) -> 19 | F8: =SUM(F2:F7) -> 26 | G8: =SUM(G2:G7) -> 14 | H8: =SUM(H2:H7) -> 10 | I8: =SUM(I2:I7) -> 3 | J8: =SUM(B2:I7) -> 100
A10: ∑mx ∙ x = | B10: =SUM(J2*A2, J3*A3, J4*A4, J5*A5, J6*A6, J7*A7) -> 2450 | D10: ∑mx ∙ x² = | E10: =SUM(J2*A2^2, J3*A3^2, J4*A4^2, J5*A5^2, J6*A6^2, J7*A7^2) -> 65184 | G10: ∑mij ∙ xi ∙ yj = | H10: =SUMPRODUCT(B2:B7,A2:A7)*B1 + SUMPRODUCT(C2:C7, A2:A7) *C1 + SUMPRODUCT(D2:D7, A2:A7) *D1 +SUMPRODUCT(E2:E7,A2:A7)*E1+SUMPRODUCT(F2:F7, A2:A7)*F1+SUMPRODUCT(G2:G7, A2:A7)*G1 + SUMPRODUCT(H2:H7, A2:A7)*H1+ SUMPRODUCT(I2:I7, A2:A7)*I1 -> 781584
A11: ∑my ∙ y = | B11: =SUM(B8*B1, C8*C1, D8*D1, E8*E1, F8*F1, G8*G1, H8*H1, I8*I1) -> 30240 | D11: ∑my ∙ y² = | E11: =SUM(B8*B1^2, C8*C1^2, D8*D1^2, E8*E1^2, F8*F1^2, G8*G1^2, H8*H1^2, I8*I1^2) -> 9552000
A14: x̄ = | B14: =B10/J8 -> 24.5
A15: ȳ = | B15: =B11/J8 -> 302.4
A17: sx² = | B17: =1/(J8-1)*(E10-1/J8*B10^2) -> 52.111111 | D17: sx = | E17: =SQRT(B17) -> 7.2188026
A18: sy² = | B18: =1/(J8-1)*(E11-1/J8*B11^2) -> 4115.3939 | D18: sy = | E18: =SQRT(B18) -> 64.151336
A19: sxy = | B19: =1/(J8-1)*(H10-1/J8*B10*B11) -> 411.15152 | D19: rxy = | E19: =B19/(E17*E18) -> 0.88783246
A22: y = | B22: =CONCATENATE(TEXT(B15, "#0,00"), " + ", TEXT(E19, "#0,00"), " ∙ ", TEXT(E18, "#0,00"), " / ", TEXT(E17, "#0,00"), " ∙ ", "(x - ", TEXT(B14, "#0,00"), ")") -> 302,40 + 0,89 ∙ 64,15 / 7,22 ∙ (x - 24,50) | F22: =CONCATENATE("= ", TEXT(B23,"#0,00"), "x + ", TEXT(C23,"#0,00")) -> = 7,89x + 109,10
B23: =E19*E18/E17 -> 7.8899011 | C23: =B15+B23*(-B14) -> 109.09742

Sheet Лист2
A1: X | B1: Y | K1: X | L1: Y
A2: {=Лист1!A2:A7} -> 11.6 | B2: =Лист2!A2*Лист1!$B$23+Лист1!$C$23 -> 200.62028 | K2: 11.6 | L2: 160
A3: 16.6 | B3: =Лист2!A3*Лист1!$B$23+Лист1!$C$23 -> 240.06978 | K3: 11.6 | L3: 200
A4: 21.6 | B4: =Лист2!A4*Лист1!$B$23+Лист1!$C$23 -> 279.51929 | K4: 11.6 | L4: 240
A5: 26.6 | B5: =Лист2!A5*Лист1!$B$23+Лист1!$C$23 -> 318.96879 | K5: 16.6 | L5: 200
A6: 31.6 | B6: =Лист2!A6*Лист1!$B$23+Лист1!$C$23 -> 358.4183 | K6: 16.6 | L6: 240
A7: 36.6 | B7: =Лист2!A7*Лист1!$B$23+Лист1!$C$23 -> 397.8678 | K7: 16.6 | L7: 280
K8: 21.6 | L8: 240
K9: 21.6 | L9: 280
K10: 21.6 | L10: 320
K11: 26.6 | L11: 280
K12: 26.6 | L12: 320
K13: 26.6 | L13: 360
K14: 31.6 | L14: 320
K15: 31.6 | L15: 360
K16: 31.6 | L16: 400
K17: 36.6 | L17: 400
K18: 36.6 | L18: 440
